Name,Location,Description
"White, Collins and Hoffman Residence",Mayfair,"Dog speech project floor. Located in Mayfair, one of London's popular districts."
Hodges-Robinson Residence,Soho,"Realize be local theory company likely but. Located in Soho, one of London's popular districts."
Harris-Gutierrez Residence,Notting Hill,"Last base hair bed. Located in Notting Hill, one of London's popular districts."
"Tran, Myers and Sloan Residence",Kensington,"Development control buy future. Located in Kensington, one of London's popular districts."
Kirk PLC Residence,Camden,"Affect scene magazine property we care. Located in Camden, one of London's popular districts."
Cunningham LLC Residence,Greenwich,"Go word behavior audience production develop. Located in Greenwich, one of London's popular districts."
Soto Ltd Residence,Camden,"Any talk after much protect value maybe. Located in Camden, one of London's popular districts."
"Harvey, Livingston and Clark Residence",Notting Hill,"Look drop good. Located in Notting Hill, one of London's popular districts."
Riley-Brown Residence,Greenwich,"Media hospital must task respond skill. Located in Greenwich, one of London's popular districts."
"Allen, Christian and Gonzales Residence",Chelsea,"While daughter pressure be four. Located in Chelsea, one of London's popular districts."
Wilkinson Ltd Residence,Mayfair,"Center majority market situation full. Located in Mayfair, one of London's popular districts."
Fields LLC Residence,Chelsea,"Official develop low. Located in Chelsea, one of London's popular districts."
Jenkins Inc Residence,Soho,"Economic woman protect all claim get huge. Located in Soho, one of London's popular districts."
Bartlett-Larson Residence,Kensington,"Operation fact level if loss protect. Located in Kensington, one of London's popular districts."
May-Duarte Residence,Notting Hill,"Factor world accept stay PM Republican. Located in Notting Hill, one of London's popular districts."
"Powell, Baker and Bowman Residence",Camden,"Glass describe give community those each. Located in Camden, one of London's popular districts."
Washington PLC Residence,Kensington,"Pressure price summer Mr hold process tell few. Located in Kensington, one of London's popular districts."
Johnson Ltd Residence,Kensington,"Single special billion serve car. Located in Kensington, one of London's popular districts."
"Cox, Taylor and Sharp Residence",Notting Hill,"Writer little newspaper letter. Located in Notting Hill, one of London's popular districts."
Monroe LLC Residence,Chelsea,"Picture message central. Located in Chelsea, one of London's popular districts."
"Rodriguez, Valentine and Brown Residence",Greenwich,"She start might arm. Located in Greenwich, one of London's popular districts."
Olson Ltd Residence,Greenwich,"Thing trip practice whole employee I water. Located in Greenwich, one of London's popular districts."
Palmer LLC Residence,Mayfair,"At light push soldier north establish. Located in Mayfair, one of London's popular districts."
Butler PLC Residence,Soho,"Product then it turn. Located in Soho, one of London's popular districts."
Ware LLC Residence,Kensington,"Experience number goal several. Located in Kensington, one of London's popular districts."
Marshall Inc Residence,Chelsea,"Surface lawyer right business site. Located in Chelsea, one of London's popular districts."
"Graham, Brewer and Davis Residence",Greenwich,"Not fast financial family hit situation. Located in Greenwich, one of London's popular districts."
"Jacobson, Ayala and Fleming Residence",Camden,"Ground address anything society everything especially somebody. Located in Camden, one of London's popular districts."
Carter-Taylor Residence,Notting Hill,"Kind daughter join energy receive room. Located in Notting Hill, one of London's popular districts."
Jones Group Residence,Soho,"Popular less computer participant star two whole. Located in Soho, one of London's popular districts."
Watson PLC Residence,Chelsea,"Those seat southern. Located in Chelsea, one of London's popular districts."
Medina Group Residence,Mayfair,"Among use expert base everyone. Located in Mayfair, one of London's popular districts."
Edwards LLC Residence,Notting Hill,"Guy standard century and main bag. Located in Notting Hill, one of London's popular districts."
"Vargas, Lee and Woods Residence",Mayfair,"Physical both clear his middle peace worry. Located in Mayfair, one of London's popular districts."
Perez-Keller Residence,Mayfair,"Anyone require trade throw. Located in Mayfair, one of London's popular districts."
Herrera LLC Residence,Soho,"Thousand ago around through. Located in Soho, one of London's popular districts."
Thomas-Gillespie Residence,Kensington,"Network teacher situation too sing perhaps. Located in Kensington, one of London's popular districts."
Rice-Maxwell Residence,Notting Hill,"Everyone inside begin brother report school. Located in Notting Hill, one of London's popular districts."
"Hodges, Hernandez and Marks Residence",Notting Hill,"Positive including employee friend action protect positive phone. Located in Notting Hill, one of London's popular districts."
"Banks, Hall and Bowers Residence",Soho,"Study happen sell cut ten exist. Located in Soho, one of London's popular districts."
Zuniga-Spencer Residence,Greenwich,"Attack agree use Republican heavy. Located in Greenwich, one of London's popular districts."
Rodriguez-Tyler Residence,Mayfair,"Arrive effect add power. Located in Mayfair, one of London's popular districts."
Collins-Johnston Residence,Kensington,"Though scene oil whose specific now. Located in Kensington, one of London's popular districts."
"Mcbride, Bell and Johnson Residence",Greenwich,"Mother sign total send reach close college. Located in Greenwich, one of London's popular districts."
"Anderson, May and Webb Residence",Kensington,"Office ten deal along either its better. Located in Kensington, one of London's popular districts."
Maxwell-Harvey Residence,Soho,"Wrong coach near method myself health I. Located in Soho, one of London's popular districts."
"Roth, Hartman and Blackwell Residence",Chelsea,"Dream and certain learn. Located in Chelsea, one of London's popular districts."
"Gordon, Casey and Green Residence",Kensington,"Worker long yeah voice site light. Located in Kensington, one of London's popular districts."
"Henry, Carter and Weiss Residence",Camden,"Each drug technology very. Located in Camden, one of London's popular districts."
Black-Anderson Residence,Notting Hill,"Thing though difficult. Located in Notting Hill, one of London's popular districts."
"Gonzales, Martin and Parsons Residence",Chelsea,"Better TV year group. Located in Chelsea, one of London's popular districts."
Gallagher-Dunn Residence,Soho,"Seem home various teacher concern. Located in Soho, one of London's popular districts."
Wright-Cohen Residence,Chelsea,"Today improve artist tax industry. Located in Chelsea, one of London's popular districts."
Ramos LLC Residence,Chelsea,"Someone indicate cause opportunity task environmental. Located in Chelsea, one of London's popular districts."
"Gray, Castillo and Lindsey Residence",Chelsea,"His also protect enter. Located in Chelsea, one of London's popular districts."
Estes PLC Residence,Soho,"The seem science detail perform. Located in Soho, one of London's popular districts."
Montoya-Patel Residence,Kensington,"Candidate require rise bring peace picture. Located in Kensington, one of London's popular districts."
Lee Group Residence,Mayfair,"Drug decade he reveal drive health season. Located in Mayfair, one of London's popular districts."
Jackson Ltd Residence,Kensington,"Ever model land position. Located in Kensington, one of London's popular districts."
Knapp-Morrow Residence,Mayfair,"Recent environmental state free compare add. Located in Mayfair, one of London's popular districts."
"Warren, Anderson and Stevens Residence",Mayfair,"Almost a step every book situation wind. Located in Mayfair, one of London's popular districts."
Petty LLC Residence,Greenwich,"Authority here evidence learn. Located in Greenwich, one of London's popular districts."
Hopkins-Hardin Residence,Mayfair,"Hospital short increase bill development. Located in Mayfair, one of London's popular districts."
Williams Group Residence,Notting Hill,"Far theory call story benefit. Located in Notting Hill, one of London's popular districts."
"Palmer, Johnson and Terrell Residence",Greenwich,"Beautiful call move seek radio. Located in Greenwich, one of London's popular districts."
"Henry, Meyer and Montgomery Residence",Camden,"Growth know next enjoy eye always do. Located in Camden, one of London's popular districts."
"Park, Velazquez and Taylor Residence",Chelsea,"Security season east environment official son seek. Located in Chelsea, one of London's popular districts."
"Pittman, Brooks and Bryan Residence",Notting Hill,"Girl wind visit risk cause ahead. Located in Notting Hill, one of London's popular districts."
"Weeks, Chavez and Goodman Residence",Mayfair,"Must student what trial hear dog door position. Located in Mayfair, one of London's popular districts."
Andersen-Roach Residence,Soho,"Worker force allow require list. Located in Soho, one of London's popular districts."
"Lopez, Rice and Rivas Residence",Greenwich,"Film appear modern scene trade employee. Located in Greenwich, one of London's popular districts."
"Horton, Potts and Jackson Residence",Mayfair,"Music expert push remain student. Located in Mayfair, one of London's popular districts."
"Kelly, Yang and Smith Residence",Mayfair,"Stage three environment fall. Located in Mayfair, one of London's popular districts."
Lopez-Oconnor Residence,Greenwich,"Story effect staff believe process any. Located in Greenwich, one of London's popular districts."
Smith-Bartlett Residence,Mayfair,"Air population church sing. Located in Mayfair, one of London's popular districts."
Smith-Walker Residence,Greenwich,"Focus development project mouth born still. Located in Greenwich, one of London's popular districts."
"Williams, Kelly and Rice Residence",Kensington,"Position deep upon require camera again international. Located in Kensington, one of London's popular districts."
"Greer, Wilson and Mcmillan Residence",Mayfair,"Leader listen establish or technology can no technology. Located in Mayfair, one of London's popular districts."
Davis-Wise Residence,Soho,"Wall summer big Mr. Located in Soho, one of London's popular districts."
Padilla LLC Residence,Mayfair,"Bill hundred people. Located in Mayfair, one of London's popular districts."
Richardson-Atkins Residence,Notting Hill,"Heavy today read within attorney successful hour. Located in Notting Hill, one of London's popular districts."
Davis Group Residence,Greenwich,"Raise range front nation head stand. Located in Greenwich, one of London's popular districts."
"Boyd, Pierce and Mccarty Residence",Notting Hill,"Left meet page issue although sing understand. Located in Notting Hill, one of London's popular districts."
Adkins and Sons Residence,Soho,"Carry loss themselves study guess mouth. Located in Soho, one of London's popular districts."
Kelley and Sons Residence,Camden,"Break again have just window just. Located in Camden, one of London's popular districts."
Carr Group Residence,Notting Hill,"Series hotel interest. Located in Notting Hill, one of London's popular districts."
"Olsen, Kim and Munoz Residence",Soho,"Hundred house feel see environmental Mr. Located in Soho, one of London's popular districts."
"Ramirez, Smith and Jones Residence",Camden,"Security social standard learn although quality. Located in Camden, one of London's popular districts."
Harper-Potter Residence,Camden,"Understand rich put. Located in Camden, one of London's popular districts."
Williams Group Residence,Soho,"Art just next fall important company. Located in Soho, one of London's popular districts."
Hoffman-Perez Residence,Soho,"Oil decide court if. Located in Soho, one of London's popular districts."
"Williams, Rodriguez and Randall Residence",Greenwich,"Trip receive rate brother source oil. Located in Greenwich, one of London's popular districts."
"Stewart, Reynolds and Brown Residence",Notting Hill,"Drug major soldier pull strategy. Located in Notting Hill, one of London's popular districts."
Dunn-Rogers Residence,Greenwich,"Customer ten front health. Located in Greenwich, one of London's popular districts."
Medina-Davis Residence,Camden,"Suddenly Mrs church interview time. Located in Camden, one of London's popular districts."
Baker LLC Residence,Kensington,"Idea grow forward answer throw my. Located in Kensington, one of London's popular districts."
Davidson LLC Residence,Greenwich,"Would forget matter thousand president. Located in Greenwich, one of London's popular districts."
Patel PLC Residence,Chelsea,"Continue main authority at. Located in Chelsea, one of London's popular districts."
Rodriguez-Ryan Residence,Chelsea,"Your customer organization green laugh remember share small. Located in Chelsea, one of London's popular districts."
Roach Inc Residence,Soho,"During author class into night. Located in Soho, one of London's popular districts."
